Unnamed: 0,secid,name,exclude,carbon,thermal_coal,ocean_pollution,palm_oil,tobacco,alcohol,drugs,arms,military,war_support,clean_energy,energy_efficient,recycle_material,wellbeing,human_development,stock_us,stock_dm_xus,stock_em,bond_us,bond_xus,cash
6,FOUSA05HTL,Paradigm Select,FALSE,0,0,0,0,0,0,0,7.393080151,13.14231323,6.001116566,0,16.89479683,16.15290632,0,0,87.79054956,2.52895757,4.43349287,0,0,5.247
7,FOUSA06B33,Praxis Growth Index I,FALSE,0,8.60448923,0,0,0,0,0,0,0,4.043894031,9.991146494,12.75939424,0.788191001,0,14.01221027,97.4700905,0.8127995,0,1.00858,0,0.70851
8,F00000X7L3,Invesco MSCI World SRI Index Y,FALSE,9.033661693,12.09715028,12.34235906,8.767605798,14.37153766,10.84862643,12.08121115,0.382666736,12.00170456,19.5163312,15.08467332,10.1132182,13.6823627,7.250551701,8.767334765,61.18801657,32.43483063,0.081522802,0.04496,0.04496,6.24912
9,F00000XTV8,Nuveen ESG Small-Cap ETF,FALSE,0,13.7653976,0,0,5.100524305,7.759029299,0,0,18.66741927,2.576542972,14.93026996,12.0553876,18.54436249,9.205153733,10.91783274,97.51607161,1.792710626,0.508067767,0,0,0.18232
10,FOUSA00E3Q,New Alternatives A,FALSE,0,14.39332853,0,0,0,0,0,0,0,0,0.071780849,9.628813024,3.429136197,0,17.45458305,32.65428569,60.81678513,1.794809179,0,0,4.6647
11,FOUSA05987,Boston Trust Equity,FALSE,0,15.426876,0,0,0,0,3.851661087,0.739065767,0,0,0,0,0,0,7.266862405,97.18106826,1.715861736,0,0,0,1.10307
12,FOUSA05CMI,Matthews India Investor,FALSE,0,5.548306045,0,0,4.908258463,0,0,0,0,0,4.73488167,0,7.747500813,19.67464332,6.275128872,0,0,96.83533,0.00341,0.00341,3.16126
14,FOUSA00CAJ,Neuberger Berman Focus Inv,FALSE,0,0,0,0,0,16.48611586,9.95439666,0,13.0992046,6.17380284,0,0,0,0,0,64.26902945,34.78317055,0,0,0,0.68353
15,F00000TEDA,American Beacon AHL Mgd Futs Strat R5,FALSE,11.848393,,18.84651872,10.83803239,11.77918473,19.08325541,12.41558859,0.641184255,10.50735255,3.880890714,1.279476887,16.82406444,5.042798408,18.65510952,13.3703074,7.721996234,13.37316025,1.162283517,44.9742,16.65143,23.04373
16,F00000T5T1,MFS Managed Wealth I,FALSE,8.37480002,8.639528735,0,9.5423128,19.45486326,15.768477,2.710566118,15.21882381,18.82715484,13.55692064,19.53997878,17.23855243,16.06863976,0,19.15136055,31.04005348,17.18553314,0.84649338,3.06146,0,47.86647
18,FOUSA00JUH,American Century Small Cap Value Inv,FALSE,0,16.47832939,0,7.093096344,0,12.58053117,0,19.89377845,0,1.958442457,16.91410687,11.97939278,0.914227312,0,0,92.86272313,4.362267037,1.602989836,0,0,1.17202
19,F00000XMD2,iShares ESG Aware MSCI USA ETF,FALSE,0,16.35446262,0,9.694154814,0,4.60043734,17.84183386,1.438391931,5.414614879,0.479475275,4.580989326,6.152487729,14.48766072,0,1.79973967,98.19398172,1.365799169,0.133589116,0,0,0.30663
20,FOUSA02UOY,Needham Aggressive Growth Retail,FALSE,0,0,0,0,0,0,0,0,0,9.136780424,16.99696612,9.879658374,2.985630705,0,12.06600665,70.38699054,7.126599465,0,0,0,22.48641
23,F00000WUF1,iShares MSCI Global Impact ETF,FALSE,17.50579299,3.648121228,5.709347336,0,0,0,0,0,0,0,16.54792739,18.85183145,13.83577601,0,10.17628074,29.42465654,56.26973991,13.86458355,0,0,0.44102
24,F00000WAP7,SPDR?? S&P 500 Fossil Fuel Rsrv Free ETF,FALSE,10.11409148,8.779341059,0,1.071986749,0.124123525,0.805215764,17.53487896,16.93758844,4.834926875,7.513603563,3.009108054,4.205670652,1.743471517,0,2.351260628,98.80329219,1.07266781,0,0,0,0.12402
29,F00000NC9V,JPMorgan SmartRetirement?? 2055 R5,FALSE,10.59772536,6.334813538,7.656873589,12.48351425,15.20028531,0.997313217,17.96535675,0.439371613,17.59064207,12.14130681,10.27790241,9.167132787,8.306366709,15.66208767,11.77909419,52.78937607,25.44541781,7.555556125,8.99146,1.50715,4.99632
31,FOUSA00CIU,Fidelity?? Select Health Care Svcs Port,FALSE,0,0,0,0,0,0,0,0,0,0,0,0,0,0,0,98.67591935,0.542832099,0.383468547,0,0,0.08788
39,F00000Q87F,Calvert Green Bond I,FALSE,0.616096632,9.036948967,0,0,0,0,0,0,0,0,4.789833206,0,18.7389816,0,14.50492447,0,0,0,90.61721,29.86887,6.30016
40,F00000V7LA,iShares U.S. Equity Factor ETF,FALSE,4.48722393,13.03423251,0,12.17070573,0,0,14.02205825,13.2607469,11.29871905,17.45456338,10.35821573,3.870203473,3.920506247,0,12.83083884,98.7146063,1.130243702,0,0,0,0.15514
42,FOUSA00CIL,Fidelity?? Select Construction & Hsg Port,FALSE,0,0,0,0,0,0,0,0,18.12531411,12.67890986,15.38473801,0,13.95638931,0,2.216694414,98.91239,0,0,0,0,0.74873
43,FOUSA00CFG,Fidelity?? Growth Strategies,FALSE,0,12.39665887,0,0,0,19.9531699,10.38033308,0,0,14.85624958,8.893271381,2.087842048,12.27554599,0,18.40244749,97.94384229,0.819737714,0,0,0,1.23642
44,FOUSA06J8H,JPMorgan SmartRetirement?? 2045 R5,FALSE,8.447802224,17.93062011,1.609427133,14.08910513,16.36046493,17.23373934,18.40117183,8.165384389,4.610999783,10.71076257,17.19290039,15.40960421,1.467804459,10.9470363,7.201580451,53.25433692,25.78574439,7.704668695,8.86583,1.52139,4.17263
46,F00000WP8Y,SPDR?? MSCI EAFE Fssl Ful Free RsrvETF,FALSE,14.25160654,7.60738649,12.43540989,8.990475016,14.01581768,8.37997553,7.129700905,6.65170955,2.332842887,17.47174881,7.408818654,14.41124422,9.896184564,0,16.91138269,1.248438953,98.28936922,0.257471822,0,0,0.20457
49,FEUSA0001Z,iShares MSCI Hong Kong ETF,FALSE,1.768821076,2.868115731,0,0,0,2.697447019,16.57357333,0,0,0,0.321487434,0,7.815516068,0,0,1.418626118,94.78015308,3.3539308,0,0,0.44729
53,FOUSA00CHY,Fidelity?? Overseas,FALSE,0,3.824998175,0,0,0,18.01494227,4.481646364,0.601600452,3.52372095,18.01838086,7.435909374,18.4642808,16.05907296,2.658619361,7.918779499,8.202689907,86.51335602,3.028114077,0,0,2.20222
55,F00000ON4Y,TIAA-CREF Core Impact Bond Instl,FALSE,18.55872481,0.391622734,0,0,0,0,0,0,0,0,13.06601413,18.36555568,13.96572882,0,6.444424482,0,0,0,86.44107,16.64951,9.72775
58,FOUSA00JEH,Goldman Sachs Mid Cap Growth Instl,FALSE,0,12.42583047,0,0,0,0,0,0,0,17.87297863,15.58576698,0,13.96687704,0,13.51053189,96.39638161,1.546518391,0,0,0,2.05709
60,FOUSA00AQP,Leuthold Select Industries,FALSE,0,7.913245666,0,0,0,0,0,0,0,0,6.048608205,9.975193173,16.62528287,0,11.27802047,89.49580368,9.47483184,0.56536448,0,0,0.464
61,F00000SWBH,T. Rowe Price Asia Opportunities,FALSE,0,0,0,0,0,0,19.46842852,0,0,0,13.08321655,0,8.584199649,0,18.89460839,0,39.54341251,59.70466749,0,0,0.75192
63,FOUSA05H1T,Parnassus Mid-Cap,FALSE,11.85460709,6.627625868,0,0,0,0,0,0,0,9.706545837,5.603940597,13.67333518,2.116606641,0,7.027815532,95.44003328,2.190836723,0,0,0,2.36913
65,F00000NDMC,FAM Small Cap Investor,FALSE,0,0,0,0,0,0,0,0,0,0,0,11.27667344,2.47156135,0,1.137983441,77.13782336,13.68378822,3.856228423,0,0,5.32216
66,F00000Q7RX,Fidelity?? MSCI Information Tech ETF,FALSE,0,0,0,0,0,7.671135879,0,3.723303356,0,13.86242916,0.844590002,0,13.94692534,18.03733397,16.25083279,99.12490531,0.706016422,0.029958264,0,0,0.13912
68,FOUSA00GXM,Leuthold Core Investment Retail,FALSE,10.55289236,17.25850549,0,15.7689518,13.95024237,15.10822865,0,0,18.86379086,9.499160374,6.375510037,11.34518343,11.63431152,0,6.115080156,51.75567416,5.423693335,0.323742509,11.41622,5.12183,29.10968
69,F00000O4OW,DF Dent Small Cap Growth Investor,FALSE,0,0,0,0,0,0,0,0,0,19.89622162,0,0,14.66598935,0,0,91.67129707,7.307612925,0,0,0,1.02109
71,F00000WYEA,Columbia Intl ESG Equ Income ETF,FALSE,14.90825206,16.56042459,0,0,10.95763291,0,16.62754742,5.164041813,19.06959113,4.065720546,5.217298032,0,11.40168964,0,4.677988809,1.30696962,97.15932945,0.546550932,0,0,0.42676
75,FOUSA00COA,1919 Socially Responsive Balanced A,FALSE,14.6429015,5.092811112,0,17.594322,0,0,0,0,0,7.030413307,0.030330646,0,6.901193442,0,9.345203472,66.58959171,2.236148293,0,26.20598,1.15743,4.18411
76,FOUSA00DUV,Meridian Growth Legacy,FALSE,0,0.676270992,0,0,0,0,0,0,0,8.871405281,0,17.50332442,12.15196077,0,7.930392165,88.7562293,4.089870705,0,0,0,1.60343
77,F00000LNMT,Wasatch Emerging India Investor,FALSE,0,0,0,0,0,0,15.47576909,0,0,0,5.545562848,0,18.2727028,0.243100676,0,0,0,98.25751,0,0,1.74249
78,F00000W4CI,Real Estate Select Sector SPDR??,FALSE,0,0,0,0,0,0,0,0,0,0,1.492935533,0,5.487117906,0,0,99.98371,0,0,0,0,0.01629
79,FOUSA00HVF,Fidelity Advisor?? Intl Capital App I,FALSE,0,0.43106973,0,0,0,0,17.83368918,0,17.04302845,0,14.6555235,4.285724634,2.646082303,0,0.053326712,19.71175276,74.53281866,4.230488578,0,0,1.52494
80,FOUSA04BGS,Janus Henderson Developed World Bond A,FALSE,0,0,0,0,0,12.55395043,17.12338468,0,0,14.98434883,0,0,6.035937463,0,19.65994499,0,0.07498,0,87.23804,54.80885,8.30402
82,F00000XTWN,Nuveen ESG Large-Cap Growth ETF,FALSE,0,14.06558344,0,0,0,0,0,0,0,8.638707315,11.06186022,0,6.388508191,0,5.098292949,99.70601274,0,0.128785602,0,0,0.16619
84,FOUSA02W2Z,Morgan Stanley Inst Global Franchise I,FALSE,0,0,0,0,15.18271592,0,17.28729797,0,0,0,0,0,8.113853347,0,4.742620345,76.16373426,22.19327574,0,0,0,1.64299
85,F00000VTRN,Trillium ESG Small/Mid Cap Inst,FALSE,0,15.72452345,0,0,0,0,0,0,0,16.74460461,10.59467152,0,19.03324517,0,1.600115068,98.90125,0,0,0,0,1.09875
87,FOUSA05IAN,Lazard US Equity Concentrated Instl,FALSE,0,0,0,0,0,0,0,0,0,19.52335412,0,1.165348723,0.632585484,0,15.60797356,99.31569,0,0,0,0,0.68431
89,FOUSA00JP6,Boston Trust Walden Balanced,FALSE,1.610786962,13.81600224,0,0,0,0,0,11.12324806,0,8.478343905,13.47647015,0,15.57793491,0,13.09308848,69.77437054,0.785329461,0,27.89432,0.18481,1.54596
91,F00000MIQX,RBC BlueBay High Yield Bond I,FALSE,0,4.996163263,0,0,0,4.537437797,0,0,0,11.85672501,8.302927115,9.771783712,10.20451112,0,5.32578458,0,0.00367,0,89.8151,16.23291,8.04203
94,FOUSA00CGP,Fidelity?? Magellan??,FALSE,0,16.82449926,0,0,0,0,0,16.66938291,0,18.43917323,14.47973089,0,11.34627296,0,1.402991492,95.96575355,2.395086454,0,0,0,1.36396
95,F00000VH67,Artisan Developing World Institutional,FALSE,0,0,0,0,0,0,13.64951044,0,0,0,0,0,0,0,14.90604023,43.82817046,18.22918107,32.76776847,0,0,5.17488
97,F0000040Q4,Goldman Sachs U.S. Equity ESG Ins,FALSE,0,10.93953065,0,0,0,0,0,0,0,10.99092244,13.46663877,0,2.826117703,0,13.38295841,96.37013248,2.087297516,0,0,0,1.54247
98,F00000MB9H,Independent Franchise Partners US Equity,FALSE,0,0,0,16.1661327,6.752640165,0,0,0,0,0,0,0,0,0,13.46504744,80.64687163,18.10157837,0,0,0,0.95678
99,F00000VKZL,ALPS O'Shares US Quality Div ETF,FALSE,0,0,0,0,9.50176306,0,0,6.949280986,14.88426369,0.850514454,10.56439681,7.044841362,15.43402508,0,13.00723976,99.28859983,0.651610169,0,0,0,0.05978
102,FOUSA00FHB,Matthews Asian Growth & Inc Investor,FALSE,11.71554253,8.53105963,0,0,0,12.28052641,2.583461452,3.443739698,0,10.43800726,3.314275006,14.59540595,3.122048659,17.41892297,15.59135182,1.885834478,42.66764045,40.16505507,1.34591,1.34591,2.18846
103,FOUSA00KF4,FAM Dividend Focus Fund Investor,FALSE,0,0,0,0,0,0,0,0,0,3.33002242,3.86578783,0,6.559561834,0,3.670818645,91.52258475,0,4.078335247,0,0,4.39908
107,FOUSA00DQN,BlackRock Sustainable Balanced Instl,FALSE,1.842959606,18.35524205,0,5.805137106,9.478591111,12.13544475,7.782123605,2.457604366,15.23971382,0.845229536,2.225284049,5.27744717,1.939249227,0,8.35178801,45.20316292,0.194757077,0,35.79918,3.38845,18.6747
108,FOUSA05GG6,Boston Trust Walden Small Cap,FALSE,0.214423654,0.287932713,0,0,0,0,0,0,0,0,14.21773366,0,14.01968922,0,14.89428805,98.75617,0,0,0,0,1.24383
111,FOUSA06B34,Praxis Small Cap Index I,FALSE,0,15.13595838,0,0,0,1.318721985,0,9.860215636,0,12.83143125,19.35131069,4.36317613,13.82508216,17.9491109,12.66305258,96.68227511,1.616269037,0.314575853,0.92652,0,0.46027
112,FEUSA04AD7,Invesco WilderHill Clean Energy ETF,FALSE,0,9.217387424,0,0,0,0,0,0,0,17.71720906,9.561407563,0,8.771574233,0,19.49876775,72.925,16.512,10.563,0,0,0
113,FOUSA06M6P,DFA US Sustainability Core 1,FALSE,0,7.157145368,0,2.372367824,17.84852851,15.14762132,7.738424322,19.9257184,7.583724857,7.607803809,15.12894091,15.32826242,1.573083681,6.465158231,12.55061872,96.20415597,0.79209936,0.07474467,0,0,2.92651
119,FOUSA007GA,Calvert US Large Cap Core Rspnb Idx I,FALSE,10.62314554,12.49124346,0,18.43588194,2.390268473,0,0,18.80982179,0,4.392278744,10.89220501,13.83308604,6.697469032,2.092435333,0.481873039,99.51259457,0.302515412,0.024960018,0,0,0.15993
120,F00000J3NP,PF Emerging Markets P,FALSE,0,19.88114038,0,0,0,0,10.90575915,14.43340518,0,0,10.06068764,0,1.387108607,0,0.697090527,0,33.23005272,62.63047728,0,0,4.13947
121,FOUSA00EIC,Fidelity Advisor?? Overseas M,FALSE,0,2.607831535,0,0,0,19.23611194,10.98606107,2.338063553,1.370815771,3.904678367,15.35998798,14.00439451,5.0796358,18.34132223,14.83091229,8.06810844,85.0167322,2.964069363,0,0,3.895
122,F00000W59F,Calvert International Responsible Idx I,FALSE,7.754549657,16.22250311,0,19.6129109,15.04013346,0,5.782015579,13.89913143,8.548302487,4.068721877,10.37809041,14.39546625,14.21558738,0,13.94333592,2.557603168,96.62233126,0.221665568,0,0,0.47798
123,F00000WPRR,American Century Focused Intl Gr R6,FALSE,0,12.73653146,0,0,0,0,14.3271813,0,0,0,16.33439621,3.610144567,2.376839281,0,10.0519148,4.106097281,88.25252224,6.156190477,0,0,1.48515
124,F00000XA49,JPMorgan SmartRetirement?? 2060 R6,FALSE,15.53955598,10.98423801,12.22127122,16.70952931,10.17512285,1.959680387,1.98161281,5.385751472,1.479708578,4.555805663,5.931273174,1.542361401,12.42954414,13.3388827,12.71439466,52.38120295,25.27466224,7.192604802,8.16318,1.37831,6.78823
126,F00000N77S,Phaeacian Accent International Value Ins,FALSE,0,0,0,0,0,0,14.41214845,16.78458623,3.463820299,19.77572368,6.226624441,0,9.464998019,0,19.58112411,9.492404462,72.60083033,2.231225212,0,0,15.67554
128,FOUSA00BHD,Allspring Emerging Markets Equity Adm,FALSE,0,16.36671388,6.112569717,0,10.3916005,0,4.991874292,0,0,0,4.064702931,0,9.477808918,3.981767331,0,1.887864042,28.12993394,64.94518202,0,0,5.03702
129,FOUSA00BIF,T. Rowe Price Emerging Markets Stock,FALSE,0,2.932643397,0,0,0,0,6.878541859,0,0,0,8.528584728,10.90417062,0.394992981,0,1.434983392,0.407996658,28.99662102,70.10676232,0,0,0.48862
130,F00000MN7C,Nationwide Small Company Growth InSvc,FALSE,0,0.741111525,0,0,0,0,0,0,0,0,0,0,0,0,14.1919347,96.70142,0,0,0,0,3.29858
131,F00000ODO1,Brown Advisory Sustainable Growth I,FALSE,0,0,0,0,0,0,0,0,0,9.573743995,2.994291544,0,18.10900877,0,12.30368811,98.32238,0,0,0,0,1.67762
137,FOUSA08PQ5,Nuveen Winslow Large-Cap Growth ESG I,FALSE,0,0,0,0,0,0,0,0,0,3.8390682,0,0,0,0,18.47679198,94.25120664,4.788573363,0,0,0,0.96022
139,FOUSA00GGM,Brown Advisory Small-Cap Growth Inv,FALSE,0,14.32244335,0,0,6.408083536,8.794225178,0,13.78173252,15.06901189,0.670222952,2.233434644,0,18.79721713,0,0,83.21894097,2.574220488,6.738128538,0,0,7.37663
143,F00000WZ7X,JHancock ESG Large Cap Core R6,FALSE,0,9.122269341,0,0,0,0,0,0,0,1.658065227,13.97365211,4.547296886,10.73686421,0,7.546603748,93.17186555,6.282534448,0,0,0,0.54558
144,F00000XS70,Hartford Global Impact R6,FALSE,0,0,0,0,0,0,0,0,0,17.69516392,19.77764736,13.14816999,9.600394124,3.373369414,2.283965771,57.39568793,28.51686184,9.592530235,0,0,4.49491
145,FOUSA00ECC,Parnassus Fixed-Income,FALSE,0,15.54987755,0,0,0,0,0,0,0,9.126342429,15.64559339,4.367519025,18.36945799,0,13.64786785,0,0,0,88.67361,8.61999,4.75663
146,FOUSA02VL8,FPA Queens Road Value,FALSE,0,4.778016568,0,0,0,0,0,14.43221911,9.704776941,10.82000347,8.803242862,0,18.51559913,0,17.9794822,93.72276,0,0,0,0,6.27724
147,FOUSA02U8F,Praxis Value Index A,FALSE,16.34538246,15.75325785,0,0,0,0,0,9.350474955,0,7.735507932,13.23915357,14.25805441,15.95343434,0,16.29384592,97.62137384,0.740666161,0,0.8881,0,0.74983
149,FOUSA02SNF,Vanguard FTSE Social Index I,FALSE,9.651758028,16.57111006,0,5.245260809,0,0,0,18.54066703,0,7.788016715,10.59947703,18.86616457,12.44047802,6.834885481,5.630363083,98.23118112,1.405457365,0.253721514,0,0,0.10964
150,F00000QKMC,Lazard Global Equity Select Port Instl,FALSE,0,14.89064875,0,0,0,0,15.80126177,0,9.484613495,16.84407614,15.63359697,0,8.998227156,0,14.50495289,54.63532361,38.4810126,4.040763789,0,0,2.84286
151,F00000VPDE,Eventide Multi-Asset Income I,FALSE,13.58899572,9.551160442,0,0,0,0,0,0,0,0,8.731707722,14.67995286,7.0883761,0,0.066646245,42.88057873,3.037971268,0,42.85526,0.50621,4.8284
153,F00000J3NK,PF Small-Cap Growth P,FALSE,0,0,0,0,0,14.6662529,9.573604915,0,4.531902565,15.30405068,8.671385202,4.882237137,9.302943274,0,8.774201172,82.33445671,12.83558329,0,0,0,4.82996
155,FOUSA00CFZ,Fidelity?? GNMA,FALSE,0,0,0,0,0,0,0,0,0,0,0,0,0,0,0,0,0,0,77.95293,1.39682,22.04707
159,FOUSA00E7O,TCW Select Equities I,FALSE,0,0,0,0,0,0,0,0,0,0,5.06927159,0,0,0,11.88804245,92.32974691,4.587073091,0,0,0,3.08318
160,FOUSA00CZK,Green Century Balanced,FALSE,0,0,0,0,0,0,0,0,0,2.587296117,13.29811035,0,17.35286883,0,7.170659017,61.54559827,3.014301731,0,30.78476,3.43487,4.00735
161,F00000VCM1,Matthews Emerging Markets Sust Fut Inst,FALSE,0,0,0,0,0,0,0,0,0,0,5.416796486,7.980032025,5.753096759,8.266118521,14.24523531,6.424465014,32.99068463,60.28170035,0,0,0.30315
162,F00000X1UH,Applied Finance Select Investor,FALSE,18.62834229,1.561581765,0,0,0,0,0.243163711,0,0,0,0,0,9.398828672,0,2.452969065,98.74183,0,0,0,0,1.25816
163,F00000X9LF,Fidelity?? High Dividend ETF,FALSE,11.34447544,18.58883644,0,0,0,6.024761605,0,0,15.43367729,17.85972283,3.748535895,0,5.259869504,0,9.367724063,92.91857891,6.895131087,0,0,0,0.18629
164,FOUSA04BLX,Paradigm Value,FALSE,0,4.528631223,0,0,0,0,0,14.40813392,0.770053486,7.012177305,2.158956935,0,14.18894909,0,0,91.06816893,0.577431138,5.401649935,0,0,2.95275
165,FOUSA05XUR,Domini Impact International Equity Inv,FALSE,0,14.46167323,0,0,0,0,0,0,0,0,16.32580674,5.95119155,2.850490853,0,9.182971789,2.581462477,91.06721998,4.842827547,0,0,1.45592
166,FOUSA06P2V,BlackRock Sust Emerg Mkts Flex Bd Cl K,FALSE,0,6.341236484,0,0,0,0,0,0,0,0,3.136312183,0,5.378956543,0,0,0,0,0,89.29465,79.13946,10.70535
168,F00000JXMI,Neuberger Berman Global Allocation Instl,FALSE,1.26608973,1.801952576,5.390087483,7.77105196,5.11474348,0.298461888,16.74653626,5.472005692,7.766287956,14.76107187,6.627056086,5.655978603,12.51930069,7.562980577,18.98263465,41.03871898,19.26532001,1.228811015,34.2414,17.13217,3.95797
169,FOUSA00D5F,Columbia Select Global Equity A,FALSE,0,0,0,0,0,0,17.35206518,0,0,0,7.301065577,0,2.034524421,0,16.55512304,65.50347847,32.20070532,0.959006207,0,0,1.33681
170,F00000X1BL,iShares ESG Aware MSCI EM ETF,FALSE,0,2.664721541,5.425638488,4.006420865,0,0.120758273,12.35089261,0,0,0,11.2571533,10.17366253,12.17155998,18.58685927,5.283662189,0.198743,34.28912979,64.88362721,0,0,0.6285
171,F00000XX4M,Polen International Growth Institutional,FALSE,0,0,0,0,0,14.73441459,19.28913073,0,0,0,0,0,0,0,14.96098513,23.92122666,62.77703856,10.63349478,0,0,2.66824
173,FOUSA00CIA,Fidelity?? Envir and Alt Engy Fund,FALSE,10.76109736,1.729232028,16.81931004,0,0,0,0,0,0,3.374804873,16.59515874,3.105607353,7.574209207,0,13.36896216,83.25089412,13.93272363,2.656752246,0,0,0.12053
175,FEUSA04ACD,Vanguard Information Technology ETF,FALSE,0,0,0,0,0,10.31353551,0,5.332483738,0,5.948313318,13.05614876,0,2.492814141,11.3929075,3.717383356,98.85502096,0.694065351,0.029873688,0,0,0.42104
176,F00000OYOU,Eventide Healthcare & Life Sciences I,FALSE,0,0,0,0,0,0,0,0,0,0,0,0,0,0,3.809610831,72.06177843,9.715545812,4.437475756,0,0,6.10937
178,FEUSA0000C,Technology Select Sector SPDR?? ETF,FALSE,0,0,0,0,0,0,0,11.91110464,0,2.782086667,0.422054157,0,0,0,0,99.14535012,0.683829883,0,0,0,0.17082
179,F00000VTQE,TIAA-CREF Social Choice Intl Eq Instl,FALSE,10.17965971,4.183094201,0,7.11690347,19.05298447,0,19.78013309,14.76074858,0,12.91223365,11.86640968,12.11344767,16.13743164,0,8.72921946,1.235746386,96.30681577,0.532547847,0,0,1.91108
182,FOUSA02U8M,Meehan Focus,FALSE,10.82513968,3.369571645,13.80491427,18.16643456,14.38768373,7.731431439,7.496645262,7.162673255,0,11.18684181,2.031970521,5.953705287,18.72368462,0,3.952044937,96.18184277,3.204305551,0.002981674,0,0,0.61087
183,F00000MNAM,Boston Trust Walden Midcap,FALSE,0,12.39847972,0,0,0,0,0,11.1502006,0,19.68850345,16.82641397,8.702511225,14.49109672,0,10.11433685,96.75182933,1.107770672,0,0,0,2.14039
186,F00000X1C1,Sit ESG Growth I,FALSE,16.79221946,17.4131326,0,0,0,6.254534644,0.590375139,12.23508018,17.62816499,1.735392388,19.02436467,0,10.16222193,0,15.5699995,61.79090506,37.17271494,0,0,0,1.03638
192,FOUSA00DS2,PIMCO Low Duration ESG Institutional,FALSE,0.592221651,13.27072496,0,0,0,0,0,0,0,0,8.028500824,0,3.628410369,0,0,0,0,0,76.02848,21.02512,21.94418
193,FOUSA06SP1,Invesco Solar ETF,FALSE,0,17.05313913,0,0,0,0,0,0,0,0,5.074923168,0,0,0,0,42.51030097,30.90224106,26.43314797,0,0,0.15431
194,F00000W2N2,JHancock Multifactor Technology ETF,FALSE,0,0,0,0,0,0,0,0,0,5.729012896,3.465471617,0,10.74410683,13.85261262,5.217752824,97.79725944,1.966340556,0,0,0,0.23628
198,FOUSA00JVE,Pioneer Balanced ESG Y,FALSE,16.49036801,4.933964818,0,0,6.626894552,0,0,6.471769095,16.89414854,11.90017203,16.82047375,0,14.25020924,0,9.119383726,52.29358436,5.054675636,0,31.15314,3.7319,10.21396
199,F00000P7YY,Shelton Green Alpha,FALSE,0,0,0,0,0,0,0,0,0,16.09655448,8.810338948,0,13.27524712,0,14.78345775,70.39593423,17.62466381,6.218861965,0,0,5.76054
203,FOUSA06M6Q,DFA Intl Sustainability Core 1,FALSE,4.261601642,16.0272627,0,2.582914268,6.423284072,6.071882092,8.482997036,0.939965271,3.830401814,13.1800499,9.80502287,0.533106466,5.092115961,8.740618517,19.21838793,0.983704585,92.86265412,0.288051295,0,0,5.85624
204,F00000UH3G,SPDR?? MSCI ACWI Climate Paris AlignedETF,FALSE,17.82380027,5.130842517,6.501187204,17.67632483,15.34017075,19.54551624,17.04281135,7.60472556,3.490128932,1.3908785,15.54983441,2.420725468,12.08468264,10.84102933,16.63917478,61.13340429,30.62539416,6.883241551,2.00E-05,2.00E-05,1.3368
207,FOUSA05C7G,Neuberger Berman International Eq Instl,FALSE,0,0,0,0,0,0,18.50177173,0,0,0,0,8.066826102,5.740385652,0,4.444845911,7.95829246,87.46333598,0.727851564,0,0,2.59019
209,F00000N2G9,Boston Trust Walden SMID Cap,FALSE,0,0,0,0,0,0,0,0,0,0,15.82654105,9.602963829,15.77523047,0,11.3364625,98.65895,0,0,0,0,1.34102
210,F00000P06F,Riverbridge Growth Institutional,FALSE,0,0,0,0,0,0,0,0,0,0.305012938,0,0,1.12551988,0,18.74162735,95.82872772,2.649052282,0,0,0,1.52222
211,F00000Y6I5,Ecofin Global Water ESG,FALSE,6.494390803,8.517985658,0,0,0,0,0,0,0,19.13369045,10.58462207,14.8277369,14.28053046,0,15.88283861,64.97773992,31.59085234,3.266607744,0,0,0.16477
214,FOUSA00E4D,JHancock US Global Leaders Growth A,FALSE,0,0,0,0,0,0,0,0,0,17.29626929,0,0,12.75830244,0,8.730602737,99.30649,0,0,0,0,0.69351
215,F00000VTQL,TIAA-CREF Social Choice LwCrbn Eq Instl,FALSE,19.11906541,4.696564126,0,12.76912005,15.7124223,11.21858561,4.288568619,10.64750581,8.016999675,17.4464231,4.236260892,12.95617421,18.90196577,5.581747476,13.28063811,97.80416677,1.294251224,0.001982008,0,0,0.8996
216,FOUSA00ERK,T. Rowe Price Latin America,FALSE,3.761858099,18.41031705,0,0,0,0,12.78171932,0,0,0,10.29412313,4.874934801,8.346643606,0,2.840252132,3.167148789,1.322986203,90.96341501,0,0,4.54645
217,FOUSA06TIT,iShares Global Clean Energy ETF,FALSE,9.70786096,2.014538206,14.58531803,0,0,0,0,0,0,0,10.67224717,0,0,0,0,37.68701869,52.95845929,8.966032015,0,0,0.38849
218,F00000WYEB,Columbia US ESG Equity Income ETF,FALSE,2.114202282,10.0341135,0,0,0,0,0,17.8594103,19.68301741,6.085641587,17.17205921,11.42692536,3.99788458,0,1.810757595,99.70102,0,0,0,0,0.29883
219,F00000XTV7,Nuveen ESG Mid-Cap Value ETF,FALSE,13.72143619,10.20970327,0,18.40526838,0,15.17508981,0,5.728825756,0,0,5.98995795,1.367896893,8.137345604,0,2.736333265,97.89772568,2.016264318,0,0,0,0.08599
221,F000003Y6K,Akre Focus Instl,FALSE,0,0,0,0,0,0,0,0,1.331668442,0,12.33152481,0,11.49654847,0,3.482768297,81.08782419,14.14044581,0,0,0,4.18461
226,FOUSA00KL3,GMO US Equity III,FALSE,5.432126825,12.86842475,0,18.58278206,16.7115657,1.514851667,11.3740311,3.570783207,3.097007065,4.391677453,2.059234078,6.774848335,6.645037514,6.711604409,14.90764215,96.27327234,1.978306,0.663721663,0.67716,0,0.25118
227,F00000LZX3,Fidelity?? US Bond Index,FALSE,17.20392557,18.69564996,0,19.56189656,15.73952648,0,10.41601985,0.246320368,4.146520062,0.017910748,15.46678715,5.96589165,4.641446298,0,3.444764226,0,0,0,98.13298,6.45772,0.9407
230,FOUSA02VU1,T. Rowe Price Instl Emerging Mkts Eq,FALSE,0,19.46950127,0,0,0,0,1.948146178,0,0,0,1.672346762,0,3.204223972,0,0,0.378552808,28.97423269,70.26637451,0,0,0.38084
231,F00000WRWH,Mirova Global Sustainable Equity Y,FALSE,0,1.396002775,0,0,0,0,0,0,0,12.96411101,7.776834782,0,14.98490247,0,16.68323175,57.98672561,39.3698,1.119674394,0,0,1.5238
232,FOUSA00CHS,Fidelity?? Mortgage Securities,FALSE,0,0,0,0,0,0,0,0,0,0,0,0,0,0,0,0,0,0,94.12109,1.22724,5.87891
233,FOUSA00CJC,Fidelity?? Select Software & IT Svcs Port,FALSE,0,0,0,0,0,0,0,0,2.953284659,16.66201434,0,0,0,9.062747952,0,96.6190267,2.176483858,0.360929442,0,0,0.84356
234,F00000W3UB,BlackRock Sustainable Adg Lg Cp Cr Instl,FALSE,0,10.24269013,0,3.459818688,0,0,0,1.999047229,0,3.001781344,14.13812027,19.43256169,18.59506801,0,1.724957474,97.88536059,0.499611185,0.157668224,0,0,1.45736
235,F00000W59B,Calvert US Mid Cap Core Rspnb Idx I,FALSE,15.6354267,3.188908941,0,6.188243921,7.233926221,0,0,19.74260991,0,19.716381,14.32728871,5.228495793,16.01647285,14.63144303,10.89574371,98.41189574,1.191415239,0.096709019,0,0,0.29998
236,F00000XUNL,Pax Large Cap Fund Institutional,FALSE,0,0,0,0,0,0,0,0,0,0,6.847063847,13.64853337,18.15720468,0,13.09558814,97.6577,0,0,0,0,2.3423
237,F00000WOX5,SPDR?? MSCI USA Gender Diversity ETF,FALSE,15.18671588,0.718225286,0,9.773803409,7.837297192,6.68752115,2.730542714,9.294203981,0.528600891,5.552974749,17.92641163,18.33659245,11.69833719,8.896046671,11.73082431,98.58606609,0.922344654,0.312439261,0,0,0.17912
239,FOUSA04BQG,VY?? Morgan Stanley Global Franchise S,FALSE,0,0,0,0,18.02688913,0,10.50527567,0,0,0,0,0,1.664017339,0,18.39657956,76.06751923,22.33043077,0,0,0,1.60205
241,FOUSA00EH6,PIMCO Total Return ESG Institutional,FALSE,5.226882298,16.01692876,0,0,0,0,0,0,9.678215446,13.95259313,5.586479115,11.99246947,17.92483735,0,8.207393696,0,0,0,84.11597,26.88482,13.67024
242,FOUSA06JCD,Boston Trust Midcap,FALSE,0,13.3087627,0,0,0,0,19.56642584,7.862402197,0,8.625794107,16.8905157,4.903272976,15.24451534,0,3.185776678,97.49271918,1.138200817,0,0,0,1.36907
244,FOUSA00KKS,MFS New Discovery I,FALSE,0,0,0,0,0,11.76777897,5.685590565,0,8.885738713,15.5272133,17.25500058,18.87577221,14.30719454,0,8.222037019,84.42198999,11.65402001,0,0,0,3.92399
245,F00000LKUY,SPDR?? Blmbg Em Mkts Lcl Bd ETF,FALSE,0,0,0,0,0,0,0,0,0,0,0,0,0,0,0,0,0,0,98.68316,98.68316,1.29029
249,F00000PGG5,JOHCM Global Select Institutional,FALSE,0,12.73184551,0,0,0,0,0,0,0,0,18.68594697,15.7233294,12.06586215,0,3.523835751,57.83511637,38.21576363,0,0,0,3.94911
250,FOUSA008PR,Virtus Vontobel Emerging Markets Opps I,FALSE,0,0.674576722,0,0,0,0,0.768369058,0,0,0,16.54997271,0,10.20024461,16.91521701,0,0,32.24491311,63.78782689,0,0,3.96726
251,F00000ML7L,Fuller & Thaler Behavioral Sm-Cp Eq R6,FALSE,1.419956396,1.440068039,0,0,0,0,0,8.352168805,12.540693,5.500303736,18.59162213,10.90375986,17.37764344,0.016413145,16.09802092,93.27988502,1.24776498,0,0,0,5.47235
253,FOUSA00C60,JPMorgan Small Cap Equity A,FALSE,8.166339754,13.19879033,0,0,17.88703034,7.993555579,0,0,0,8.298687139,17.46454078,4.749734022,1.156372057,0,6.944231459,95.58381146,1.640168543,0,0,0,2.77602
256,FOUSA05H9Y,Edgewood Growth Instl,FALSE,0,0,0,0,0,0,0,0,0,0,0,0,10.68230332,0,8.946668129,99.03002,0,0,0,0,0.96998
257,F00000UIVU,iShares MSCI ACWI Low Carbon Target ETF,FALSE,4.000440998,7.111079954,17.65235623,19.48651586,11.93892041,19.29589191,17.06523714,13.09734231,10.35512501,2.24863661,14.18356343,3.568582051,5.438207234,8.86076378,8.433312597,60.59715629,31.45104673,7.474126983,0,0,0.41971
259,FVUSA001ST,JNL/Mellon Infor Tech Sect A,FALSE,0,0,0,0,0,0,0,6.672382222,11.10583995,12.70732511,18.20543662,0,13.5906823,11.18251306,0.714542325,97.94453779,1.030411096,0.10304111,0,0,0.92201
260,FOUSA00CDG,Commerce MidCap Growth,FALSE,12.04551021,7.237796908,0,2.536626573,0,10.70488255,18.04075312,0.093652347,5.995468327,10.59235158,10.52934901,3.565615128,9.116502781,19.25319254,1.682674248,97.52334185,0.007887366,1.060850781,0,0,1.40791
261,FOUSA02V77,Eaton Vance Atlanta Capital Focused Gr I,FALSE,0,0,0,0,0,0,0,0,0,15.3705235,0,0,19.18290526,0,8.839444539,95.3154097,3.890870302,0,0,0,0.79371
262,F00000WOPY,Hartford Climate Opportunities Y,FALSE,0.500059433,8.011317644,0,18.70108677,0,0,0,0,0,14.30269235,4.945372992,9.487336837,2.095945417,0,1.633497277,45.90042568,45.66303088,3.016143444,0,0,5.42037
263,F00000MBN8,Columbia India Consumer ETF,FALSE,0,0,0,0,0,0,18.73986679,0,0,0,0,0,0,0,0,0,0,99.44428,0,0,0.55568
264,F00000UGCL,InfraCap REIT Preferred ETF,FALSE,0,0,0,0,0,0,0,0,0,0,10.41685271,0,17.31627133,0,0,0,0,0,0,0,0.58315
265,F00000X9LG,Fidelity?? Dividend ETF for Rising Rates,FALSE,13.63838909,3.867674262,0,0,7.69279889,11.25833196,0,0,19.20915763,15.40970634,19.82306589,0,15.91835999,0,4.746394636,94.50252887,5.262611135,0,0,0,0.23485
268,FOUSA00HRA,Boston Trust Walden Equity,FALSE,0,17.57734882,0,0,0,0,0,1.672005053,0,5.034325033,0,0,7.042981638,0,14.6822808,97.45544558,1.358694425,0,0,0,1.18586
269,FEUSA0001P,iShares MSCI Taiwan ETF,FALSE,7.80368343,1.721933726,0,0,0,0,0,0,0,0,18.01794272,0,14.41760708,0,0,0.353211972,99.14311803,0,0,0,0.50367
270,FOUSA00ECB,Parnassus Core Equity Investor,FALSE,0,12.84232392,0,0,0,0,0,0,0,19.01251493,19.42707804,9.816092221,14.01524213,0,12.01257756,93.89393166,5.657508335,0,0,0,0.44856
271,F00000Q066,Morgan Stanley Inst Global Sustain I,FALSE,0,0,0,0,0,0,0,0,0,7.323326387,0,0,3.117473092,0,1.448858377,71.27393818,24.81366182,0,0,0,3.91238
273,FOUSA05CKY,Harding Loevner Instl Emerg Mkts I,FALSE,0,17.08438225,2.865210141,0,0,0,2.984310552,0,0,0,4.850884652,0,18.098821,8.897302308,9.730880853,2.689835479,30.96003574,64.26914878,0,0,2.08098
280,FEUSA04AFE,iShares US Healthcare Providers ETF,FALSE,0,0,0,0,0,0,0,0,0,0,0,0,0,0,0,99.83759,0,0,0,0,0.16241
281,F0000040LU,First Trust NASDAQ?? Cln Edge??StGidIfsETF,FALSE,5.167861585,13.71223154,0,0,0,0,0,0,5.087205057,0.796267265,6.952010524,0,10.44190307,0,0.651093281,51.69907586,47.41614122,0.511082919,0,0,0.3737
282,FOUSA02VJF,TIAA-CREF Social Choice Eq Instl,FALSE,15.55140685,2.862864689,0,0,13.72044616,0,0,6.924043799,13.92924775,7.555957485,7.041888936,17.87540818,16.48910703,2.08916678,11.49380245,97.97257021,1.237157678,0.000992107,0,0,0.78928
283,F00000NEKG,SPDR?? Blmbg Inv Grd Flt Rt ETF,FALSE,6.100661148,7.255996664,0,7.440340844,10.5287892,0,0,0,19.38282302,11.16468222,7.558421303,0,1.987269146,0,14.19376513,0,0,0,81.94048,38.35747,6.15036
284,FOUSA06MFX,Fidelity Advisor?? International Growth I,FALSE,0,5.243003131,0,0,0,0,17.26134397,8.422902131,6.842059555,13.02543502,8.731589677,0,3.038655552,12.75129859,5.876105602,18.89916605,74.95457652,2.555817436,0,0,3.38583
287,F00000N2CJ,Boston Trust SMID Cap,FALSE,19.34003087,8.87727655,0,0,0,0,0,0,0,0,13.25863057,18.28308017,8.820779555,0,7.90726844,99.30089,0,0,0,0,0.69911
288,F00000X2ET,Global X Conscious Companies ETF,FALSE,16.75887123,19.37831023,0,0,0,0,0,0.630888095,17.24306137,3.612614856,8.415013825,4.620409255,9.739098424,0,1.296684334,99.27588686,0.711913136,0,0,0,0.01219
289,F00001579Z,SmartETFs Asia Pcfc Dvdnd Bldr ETF,FALSE,0,0,0,0,0,0,15.4866262,0,0,0,11.62612275,0,4.792259266,0,0,6.565923841,45.98306855,45.64038761,0,0,1.81011
290,FEUSA00005,Materials Select Sector SPDR?? ETF,FALSE,0,8.715869695,0,12.32981396,0,0,0,0,0,16.38137235,0,8.94193271,6.339800245,0,2.449368333,81.75988573,18.20818427,0,0,0,0.03193
293,FOUSA00E4Y,Neuberger Berman Genesis Inv,FALSE,0,0,0,0,0,0,0,0,0,10.51093459,0.037363723,16.08606554,17.43072768,0,6.19465757,95.02133849,3.102681512,0,0,0,1.87598
297,FOUSA00EF8,Nationwide Global Sust Eq R6,FALSE,0,4.292321177,0,0,0,0,0,0,0,0,14.67142914,2.026995609,16.59189696,0,16.34933925,56.94453882,37.03963652,4.809264659,0,0,1.20656
298,F00000U4F7,Xtrackers JPMorgan ESG USD HY Corp BdETF,FALSE,0,18.4887863,0,16.82035174,0,2.753394463,0,0,9.026153858,11.37583871,0.524162484,4.420861242,11.26547712,0.788795683,16.67759969,0,0,0,97.06557,11.51412,2.22256
299,FOUSA05I8M,Neuberger Berman International Sel Tr,FALSE,0,0,0,0,0,0,0.36767215,0,0,0,0,5.692098517,15.75134192,0,11.71677367,7.991151269,85.26719413,0.899204603,0,0,4.67725
300,FOUSA06880,BNY Mellon Global Stock - I,FALSE,0,7.635876571,0,0,9.653990712,0,16.04667051,0,0,18.93243598,0.359777009,0,17.63952734,0,2.101395885,56.33983353,42.21323647,0,0,0,1.44693
301,F00000PY9M,Boston Trust Walden International Eq,FALSE,19.37992283,12.92713007,0,0,0,0,0,15.37152783,0,0,11.40295603,10.30317026,8.803902204,0,8.842295663,1.778216715,97.39728329,0,0,0,0.82444
307,F00000TO11,Lazard Global Strategic Equity Instl,FALSE,14.51427485,13.7805238,0,0,0,0,5.250138045,0,0,4.841725892,7.137124808,0,7.872757362,0,16.47788449,56.21927756,37.80732568,3.149476753,0,0,2.82377
308,F00000X1BR,iShares ESG Aware MSCI EAFE ETF,FALSE,0,1.060506936,0,11.36234943,14.99836974,0.324424742,12.40074442,12.32902849,4.413406819,4.013145045,18.36839142,12.96880577,6.022522093,0,3.050667179,1.142378297,97.24433541,0.34952629,0,0,1.13227
310,FOUSA00BCJ,Baron Asset Retail,FALSE,0,0,0,0,0,0,0,0,0,9.728554221,12.26579396,0,10.12726588,0,6.976361674,95.72873819,1.87198181,0,0,0,0.65418
311,FOUSA00FZG,Harding Loevner Emerging Markets Advisor,FALSE,0,19.09684855,12.82717968,0,0,0,11.98545957,0,0,0,5.974082534,0,11.56469785,15.25974152,18.03123128,2.678375975,30.79450603,63.922608,0,0,2.60451
312,FOUSA05HBT,Guinness Atkinson Alternative Energy,FALSE,9.48709778,2.968079363,0,0,0,0,0,0,0,15.25651171,9.41949229,0,4.3921232,0,13.09619995,49.39227107,37.02412672,10.33823222,0,0,3.24533
313,FOUSA06OGF,Pax Small Cap Institutional,FALSE,0,0,0,0,0,0,0,0,0,0,0,6.633602075,6.202665134,0,3.338228334,94.18924205,1.899677948,0,0,0,3.91107
314,F00000N2G7,DFA World ex US Government Fxd Inc I,FALSE,0,13.83937696,0,0,0,0,0,0,0,0,18.38951021,0,9.640116669,0,0,0,0,0,49.84067,48.43119,50.15933
315,F00000XTWO,Nuveen ESG Large-Cap Value ETF,FALSE,0,3.419016594,0,0,0,0,0,0,0,13.52465977,19.57941246,1.928921475,10.76436693,0,19.88640778,97.98369767,1.871282325,0,0,0,0.14502
318,F00000U4T7,Virtus NFJ Global Sust Instl,FALSE,0,17.6149747,0,0,0,0,0,0,0,0,9.067326108,5.479970347,13.44498946,0,16.17862947,50.37877337,45.70524663,0,0,0,3.91598
319,F00000VCMN,Brown Advisory Global Leaders Investor,FALSE,0,0,0,0,0,0,0,4.965035335,13.40893057,16.65603579,4.781344419,0,19.36424872,13.39661403,10.12542974,57.11934429,29.68493292,12.07628279,0,0,1.11944
320,FOUSA06B59,First Trust NASDAQ?? Cln Edge?? GrnEngyETF,FALSE,0,9.733385358,0,0,0,0,0,0,0,0,17.74621957,0,2.596439389,0,16.67527018,82.10478238,4.387942108,13.43763551,0,0,0.06964
321,FVUSA00008,Alger Small Cap Growth I-2,FALSE,0,5.86188763,0,0,0,0,0,0,0,13.94659911,7.080653527,0,0,0,1.117499323,90.98029659,4.44190341,0,0,0,3.26049
322,FEUSA0002S,iShares Expanded Tech-Software Sect ETF,FALSE,0,0,0,0,0,0,0,0,0,0,10.03924682,0,5.671714745,9.306884169,7.001160003,98.77771641,1.163313589,0,0,0,0.05896
323,F000002RC8,JOHCM International Select Institutional,FALSE,18.46302806,9.714050221,0,0,0,0,0,0,0,0,2.199402268,13.96601352,3.868716193,0,10.30464113,8.829242651,86.69431735,0,0,0,4.47644
328,FOUSA00CBV,Vanguard Explorer Inv,FALSE,7.630860568,10.5999508,0,0.871583982,19.65480644,4.612235655,5.58395969,14.40813746,10.548182,18.16857428,6.257408888,9.517408459,3.476616125,18.93718674,11.23359364,91.35616544,4.654870522,0.243524037,0,0,3.74433
329,FOUSA04AEC,JPMorgan US Sustainable Leaders I,FALSE,16.97103892,6.332685043,0,0,0,0,0,0,0,14.63657862,9.087096309,0,11.95428237,0,4.62100011,97.02548561,2.443964387,0,0,0,0.53054
330,F0000045YB,Lazard Global Listed Infrastructure Open,FALSE,15.45986334,7.965703251,0,0,0,0,0,0,0,0,9.343231939,0,3.539925229,0,15.49122343,18.18820261,67.90164739,0,0,0,13.91015
331,F00000SZI2,AB Concentrated International Growth Adv,FALSE,0,0,0,0,0,0,9.031559644,0,0,0,3.67440197,0,3.012927678,0,3.334990506,0,90.55897428,5.231095723,0,0,4.20992
333,F00000N3EQ,JHancock Multi-Asset Absolute Return NAV,FALSE,5.317682374,16.53926102,0,0,0.293895602,0,0,16.68517075,0,0,17.01997668,1.168569801,7.618232597,0,9.388509131,55.80129661,14.6177358,3.389277595,24.33248,13.75523,1.8398
334,FOUSA00B74,Fidelity?? International Capital Apprec,FALSE,0,1.647814047,0,0,0,0,16.11966568,0,12.03347736,0,8.457974668,13.97025112,12.36590297,0,7.489904676,19.57669346,74.05390593,4.203950614,0,0,2.16545
335,FOUSA00DNP,Green Century Equity Individual Investor,FALSE,0,1.506155565,0,0,0,0,0,3.572235964,0,3.55948108,13.85370194,17.35906125,1.724470676,13.34371019,5.851393006,97.77305498,1.957715015,0,0,0,0.18521
339,FEUSA04AD6,iShares MSCI USA ESG Select ETF,FALSE,0,9.355582,0,0,0,0,0,10.40490466,0,8.634462106,3.043073678,0,4.630814697,0,9.201833674,98.42225021,1.131714289,0.156545501,0,0,0.28949
340,FOUSA06OGI,Pax Global Environmental Markets Instl,FALSE,0,1.665395445,0,0,0,0,0,0,0,0,15.72273533,1.872503745,15.55303997,0,19.55935669,55.92947924,41.51373076,0,0,0,2.55679
344,FOUSA07ZRY,Calvert Global Water A,FALSE,4.08518487,18.72150354,0,4.123576673,0,0,7.630404534,6.295919583,0,15.39022663,14.9081986,16.80861782,9.765032717,0,6.295030854,51.01585777,35.93624365,12.66878858,0.11107,0,0.26803
345,FOUSA06L9E,Northern Global Sustainability Index I,FALSE,17.95698504,3.486823592,0,7.160135948,15.00641609,9.180916324,2.405620646,7.665851566,4.758321199,17.07432618,17.55732169,13.39533844,10.65023279,0,15.43846016,67.63598647,32.13299357,0.230999954,0,0,0
350,F00000U4FA,Xtrackers JPMorgan ESG EM Sovereign ETF,FALSE,0,0,0,0,0,0,0,0,0,0,,,,,,0,0,0,99.61018,99.61018,0.38963
353,FOUSA00KHB,Loomis Sayles Global Allocation Y,FALSE,5.227562504,0.988845153,0,0,0,11.98300071,15.34284439,0,15.98713485,17.49995638,18.74222554,1.739845784,4.158305042,0,11.93835767,49.82493485,15.01110078,1.091764368,29.01684,17.54724,1.47729
354,F00000XTWP,Nuveen ESG Mid-Cap Growth ETF,FALSE,0,2.136102026,0,0,0,0,0,3.801585601,0,6.990290364,12.22375651,0,3.968878572,0,19.18705473,99.89019,0,0,0,0,0.1098
357,F00000QIJ7,RBC Emerging Markets Equity I,FALSE,0,14.91791733,0,0,0,0,0,0,0,0,4.34307963,18.99779718,3.25088616,0,2.04621286,0,39.73705721,59.33561279,0,0,0.92733
362,FOUSA00J94,Empiric Class A,FALSE,0,8.587939173,0,0,15.2472835,6.224587672,0,0,14.20773385,10.62365986,15.87703893,0,5.962304415,0,0.813312734,98.75313962,1.013630383,0,0,0,0.23323
364,FOUSA00EEK,Payson Total Return,FALSE,0,18.89583071,0,0,0,0,0,12.33360036,2.378278849,19.80769995,9.743685418,0,4.569799946,0,8.324138376,96.46927883,0,1.146991173,0,0,2.38373
365,FOUSA00C9V,Elfun International Equity,FALSE,0,10.95537577,0,0,0,0,5.946028031,13.58293597,10.62831663,17.53122553,13.49551227,13.49760582,5.498436123,0,6.373588516,0,96.58042711,0.539012892,0,0,2.88054
366,F00000TJ2O,JPMorgan Opportunistic Equity L/S R6,FALSE,0,16.78286163,0,0,0,0,0,0,0,4.739670125,3.909179991,0,0,0,0,53.71185031,9.820139694,0,0,0,36.46801
367,FOUSA00EF4,Boston Trust Asset Management,FALSE,0,0.485290755,0,0,0,0,14.20293364,8.312141708,18.24740787,13.75849791,15.14376938,0,7.562559904,0,16.38626179,77.21949499,1.411425014,0,21.12925,0,0.23982
369,FVUSA04AX7,Mutual of America Conservative Allc,FALSE,17.26042322,15.24436073,8.249041124,3.928605746,1.251665218,19.10133967,16.033138,18.61753156,15.15180375,10.4750564,11.77299629,10.18341536,14.6353878,19.23548137,1.524650185,31.61878616,5.394836114,0.479157728,59.27222,0.26562,3.12237
370,F000005IL3,Janus Henderson Enterprise D,FALSE,4.811215853,0.58998577,0,0,0,6.611363738,0,1.186059055,11.45606843,18.09446243,11.76483869,0,14.18891085,0,13.82867545,82.36393308,14.66199306,1.42957386,0,0,1.5445
378,FOUSA00LHQ,Fidelity?? Small Cap Discovery,FALSE,17.97397177,18.89707079,0,0,0,0,0,6.473273481,0,16.42258435,4.044359234,0,6.497290279,0,10.50951119,81.15666566,12.38184492,3.88728942,0,0,2.5742
379,FOUSA06J8K,JPMorgan SmartRetirement?? 2050 R5,FALSE,16.15567796,18.1285943,12.74781881,14.18039867,9.444167995,5.700012346,8.644827228,1.153360336,2.315127236,13.16592594,9.877985169,3.688986072,17.45960549,18.95343301,12.52056591,53.30661131,25.7546651,7.721973585,9.13639,1.53137,3.85375
380,FOUSA06UQ5,First Trust Global Wind Energy ETF,FALSE,9.360526687,1.481684144,0,0,0,0,0,0,0,4.554770435,15.99507442,0,18.16095201,0,4.699965054,12.99016799,76.65575107,10.06369094,0,0,0.29039
381,FOUSA02W0V,Brown Capital Management Mid Co Inv,FALSE,0,0,0,0,0,0,0,0,0,0,14.64678574,0,1.094851932,0,11.43710606,93.75564173,4.165568273,0,0,0,2.07879
382,F00000NZMX,American Beacon The London Co Inc Eq R5,FALSE,5.440943984,9.367717592,0,4.696458363,18.68825847,6.259027493,2.099189078,19.99822691,19.85393542,13.24457803,7.672834722,19.71821991,3.346506634,0,12.24855128,89.04250881,8.141423681,0.003887513,0,0,2.81217
384,FOUSA06TIV,iShares Global Timber & Forestry ETF,FALSE,0,8.274686744,0,0,0,0,0,0,0,0,0,9.792429678,5.56216909,0,0,35.00158922,55.40376592,9.059234857,0,0,0.53541
385,F00000VCX5,Calvert US Large Cap Growth Rspnb Idx I,FALSE,14.5398435,19.89600305,0,13.82772696,0,0,0,12.00276513,0,12.51508748,0.980267502,1.945986155,7.626463674,14.46410974,9.560809262,99.7415513,0.177902883,0.025985814,0,0,0.05448
386,F00001B3X1,AI Quality Growth ETF,FALSE,17.86592251,0,0,1.812487777,17.95731576,11.710586,18.61031371,4.198092046,2.068857595,18.40189386,0,0,4.751721423,0,12.73568905,99.0089703,0.990999703,0,0,0,0
387,FOUSA05J6S,VanEck Environmental Svcs ETF,FALSE,0,0,0,0,0,0,0,0,0,10.80254329,0,11.48125478,16.30873587,0,6.60565169,84.84638188,15.05986813,0,0,0,0.09374
388,F00000OVI1,YCG Enhanced,FALSE,0,0,0,0,0,0,11.64222638,0,0,0,12.88964225,0,10.19083217,0,0,83.02401213,9.678828464,3.222119406,1.43091,0,2.64413
389,F00000VCX9,Calvert US Large Cap Value Rspnb Idx I,FALSE,18.28534863,13.17267106,0,0,11.57635462,0,0,0.444806157,0,9.212852367,15.02852335,8.071516118,1.927211589,0,10.95119026,99.16025327,0.695223542,0.032963185,0,0,0.11156
390,FOUSA00BJQ,Calvert Equity A,FALSE,0,0,0,0,0,0,0,0,0,2.00333202,0,0,7.232802204,0,14.91516745,95.11919135,2.535235688,0.004882966,0.1685,0,2.13647
391,FOUSA00IL1,Columbia Greater China Inst,FALSE,0,0,0,0,0,0,0.899850304,0,0,0,2.626647532,12.64414372,2.735008762,0,6.098071703,0,10.0098427,88.5801573,0,0,1.41
395,FOUSA00FW0,Wasatch Core Growth,FALSE,0,0,0,0,0,0,14.63826918,0,0,11.82283685,0,0,19.70640338,0,0,95.16983304,3.951986963,0,0,0,0.87818
396,FOUSA06B5C,Access Capital Community Investment I,FALSE,0,0,0,0,0,0,0,0,0,0,0,0,0,0,0,0,0,0,95.80961,0,4.19039
398,FOUSA00EVW,Amana Growth Investor,FALSE,0,0,0,0,0,0,0,0,0,0,18.53282668,0,4.989252858,0,19.36063672,76.91279684,13.12372316,0,0,0,9.96348
400,FOUSA00EUX,UBS International Sustainable Equity P,FALSE,0,17.47101666,0,0,0,0,0,0,0,0,2.986363184,5.044058399,4.205901658,0,10.52238198,4.642604881,78.35533139,16.99355373,0,0,0.0085
401,FOUSA06GO1,Invesco S&P Global Water ETF,FALSE,0.650410336,15.03742504,0,0,0,0,0,10.82562085,0,4.521442139,17.95975803,4.433605734,1.394525841,0,19.96431641,55.62657744,39.77937812,4.519634436,0,0,0.07441
402,F00000WF6E,Marshfield Concentrated Opportunity,FALSE,0,0,0,0,0,0,0,0,0,0,0,0,0,0,0,70.32232,0,0,0,0,29.67768
403,F00000X1BM,iShares ESG Advanced Hi Yld Corp Bd ETF,FALSE,0,0,0,7.498793977,0,17.2946597,0,0,0,17.28176987,1.305935961,3.349461646,14.8747565,7.254232986,19.9794462,0,0,0,97.51936,10.73771,2.06953
406,FOUSA05XNZ,iShares MSCI KLD 400 Social ETF,FALSE,0,18.08497316,0,0,0,0,0,14.92212708,0,17.5624607,15.5495776,14.37273645,1.246285768,17.7446597,9.380923407,97.92556287,1.939377135,0,0,0,0.13506
407,FOUSA00FCH,MFS Mid Cap Growth A,FALSE,0,9.427385921,0,3.035130387,0,10.15865641,0,0,0,2.69728361,0,0,7.818263042,0,0,87.40406316,9.93924103,0.512765807,0,0,2.14393
409,FOUSA00KHM,Janus Henderson VIT Enterprise Instl,FALSE,10.8899099,17.43854936,0,0,0,7.875773911,0,13.49009986,5.161611025,2.287774477,8.629788488,0,1.705876181,0,9.554229409,80.51142761,14.54943284,1.401599544,0,0,3.53754
411,FEUSA00035,iShares Global Tech ETF,FALSE,0,0,0,0,0,0,0,19.02499539,0,6.162424048,7.659802974,0,15.85002071,0,0,80.94593704,18.60815819,0.205504776,0,0,0.2404
412,FOUSA009IY,Trillium ESG Global Equity Fund Retail,FALSE,0,0.543570715,0,0,0,0,0,0,0,15.62816193,2.064197848,3.565813406,16.53014688,9.548644581,18.59122991,54.699604,38.64058791,5.411598092,0,0,1.24821
413,FOUSA08NO8,Pax International Sustainable Econ Instl,FALSE,0,18.72150408,0,15.48116407,12.86067679,14.59414164,14.3677522,0,0,0,13.00465233,14.50626586,11.1461521,0,5.587322286,0.842992365,98.79670987,0.122707764,0,0,0.23758
414,FOUSA00BLT,Value Line Asset Allocation Investor,FALSE,19.78856055,1.700833966,0,9.622223984,0,0,13.19747302,4.090715197,9.382585692,11.59470412,11.3647856,0,5.689183432,0,0.732923103,66.69495412,0.875715883,0,27.40332,1.02441,4.70857
415,F00000X4WM,FlexShares STOXX US ESG Select ETF,FALSE,14.84757249,0.353419836,0,2.117205796,18.20698114,9.953473063,0,4.847989877,0,16.8394,8.106875496,2.697716231,18.99641233,0,11.61135335,99.05625209,0.492118354,0.070729561,0,0,0.3809
416,FOUSA00DI8,Brown Capital Mgmt Small Co Inv,FALSE,0,11.26023626,0,0,0,0,0,0,0,0,0,0,0,0,0.223403495,96.71589,0,0,0,0,3.28411
419,F000005P7D,Jensen Quality Value I,FALSE,0,0,0,0.616734972,0,0,0,12.09841967,0,9.795041885,1.952562816,0,3.557400104,0,2.411681339,98.58695,0,0,0,0,1.41305
422,FOUSA00EE5,Parnassus Mid Cap Growth Investor,FALSE,0,0,0,0,0,0,0,0,0,0,0,0,0,0,3.400268523,90.76249703,4.648496084,2.349176885,0,0,2.23983
424,F00000JXN5,Praxis International Index I,FALSE,0,8.334651938,0,3.94530283,13.87028696,0,0,0,14.89057197,0,12.96246156,13.03768705,1.929692322,0,16.25296818,0.890862271,78.98552239,18.56143534,0.92524,0,0.62505
426,FOUSA08MSI,MassMutual Strat Emerg Mkts R5,FALSE,0,5.005575854,0,0,0,0,9.977431477,5.634246388,0,0,17.72906104,0,18.43301975,0,13.72387587,0,33.02376222,61.78764778,0,0,5.18859
431,F00000W7A7,Etho Climate Leadership US ETF,FALSE,0,15.98603862,0,0,0,0,0,18.41862367,0,16.29887179,8.749482855,19.84564264,10.49851125,3.658533375,10.52661033,99.45949089,0.375379111,0,0,0,0.16506
435,FOUSA00HQH,Invesco Developing Markets A,FALSE,0,17.92136728,0,0,0,0,17.38873129,4.564364116,0,0,5.945822696,0,19.88863238,0,11.22314542,0.245732972,31.95369543,61.23516159,0.1622,0.1622,5.27725
438,F00000OPW4,FlexShares Quality Dividend Dynamic ETF,FALSE,4.903162963,16.05404705,0,0,7.542380857,15.58802141,0,16.57444889,0,1.316789799,12.42918376,13.57398063,19.72614921,0,16.03368316,98.42273289,0.41822691,0.030650199,0,0,1.12808
440,FOUSA00KBQ,DFA Two-Year Global Fixed-Income I,FALSE,0,13.59504361,0,0,0,0,0,0,0,0,10.19684615,0,17.15407191,0,0,0,0,0,66.64229,27.62587,32.20948
441,FOUSA06BRZ,VanEck Low Carbon Energy ETF,FALSE,13.54489483,5.10634866,4.936181653,0,0,0,0,0,0,0,14.23817769,14.74147537,3.864005415,0,7.383787458,35.65899082,46.6346802,17.70149903,0,0,0.00283
442,FOUSA05IGS,Virtus KAR Small-Cap Growth I,FALSE,0,0,0,0,0,0,0,0,0,13.51830009,12.57730047,0,12.64431544,0.399805614,0,84.29139176,11.81383827,2.261449973,0,0,1.63332
443,FOUSA05KBA,Invesco MSCI Sustainable Future ETF,FALSE,3.525014292,14.13503241,0,5.166277222,15.10878272,0,9.941240315,2.664427253,16.60886172,14.63041586,8.543458853,1.64600771,15.60721718,18.54150884,13.13153951,35.02830054,42.32245016,22.54173929,0,0,0.10751
445,FOUSA00CGI,Fidelity Emerging Markets,FALSE,0,12.42087855,0,0,0,0,11.15298741,0,12.26069232,0,11.22270641,0,19.91354973,13.91548757,1.367633023,6.290273331,32.41040047,56.3472762,0.28115,0.28115,4.22836
446,F00000OPW5,FlexShares Quality Dividend Defensv ETF,FALSE,16.46860721,4.675264764,0,0,14.59830441,0,0,12.42860109,0,0,16.4191334,0,18.74506376,0,4.416435448,98.04179227,0.770737734,0,0,0,1.18746
447,F00000XGOT,Green Century MSCI Intl Indx Instl,FALSE,0,1.671347704,0,0,0,0,7.598662972,0,0,0,15.58127788,6.412560171,3.209276368,0,4.815070981,1.602944472,94.66063048,0.299345052,0,0,0.73047
450,F00000PT0U,WCM Focused Emerging Markets Instl,FALSE,0,0,0,4.638907393,0,0,6.183004186,0,0,0,0,14.00695582,0.897453806,0,0,10.75592946,26.77807865,57.1651419,0,0,5.30085
451,F00000WP8Z,SPDR?? MSCI Em Mkts Fssl Ful Free RsrvETF,FALSE,0.614506494,15.87641263,16.62805376,13.41092997,2.094509036,10.92304863,15.63947384,0,11.9686143,18.91249985,18.09370076,7.181981955,9.882996879,3.949346826,8.398817663,0.138116738,34.65239665,64.57404661,0.00056,0.00056,0.46808
452,XIUSA0010V,Morningstar US Market TR USD,TRUE,100,100,100,100,100,100,100,100,100,100,0,0,0,0,0,1,0,0,0,0,0
453,F00000OSO0,Morningstar DM xUS NR USD,TRUE,100,100,100,100,100,100,100,100,100,100,0,0,0,0,0,0,1,0,0,0,0
454,F00000OSNZ,Morningstar EM NR USD,TRUE,100,100,100,100,100,100,100,100,100,100,0,0,0,0,0,0,0,1,0,0,0
455,F0000119FA,Morningstar US Core Bd TR USD,TRUE,100,100,100,100,100,100,100,100,100,100,0,0,0,0,0,0,0,0,1,0,0
456,F000011P2G,Morningstar Gbl xUS Core Bd GR Hdg USD,TRUE,100,100,100,100,100,100,100,100,100,100,0,0,0,0,0,0,0,0,0,1,0
457,F0000113F1,Morningstar USD 1M Cash TR USD,TRUE,100,100,100,100,100,100,100,100,100,100,0,0,0,0,0,0,0,0,0,0,1
